Sample_nameITS,Sample_name,Sample_nameVER,Experiment,Sample_or_control,Hundredplot_tree_EP,PrePost_sam_EP,PrePost_EP,Treatuntreat_EP,Lineage_EP,YearSam_EP,YearTrt_EP,YrSinceTrt_EP,YrSinceTrt_Range,YrSinceTrt_BR,Fire_EP,Fire_Mod,Burned1-0_EP,YrSinceBurn_EP,Latitude,Longitude,VegBin,SoilBin,Incubation,Soil,Treatment
10gEP114_S220,10gEP114_S220_L001,10gEP114,ebba,sample,0,0,NA,0,uninfested,2021,9999,untreated,untreated,untreated,unburned,untreated,0,unburned,42.151841,-124.281402,0,0,NA,NA,NA
10gHD4371_S217,10gHD4371_S217_L001,10gHD4371,10g,sample,0,0,NA,0,uninfested,2019,9999,untreated,untreated,untreated,unburned,untreated,0,unburned,42.49711,-124.29369,0,0,NA,NA,NA
10gHD4379_S218,10gHD4379_S218_L001,10gHD4379,10g,sample,0,0,NA,1,EU1,2020,2017,3,>3,3to4,SODtrt,SODtrt,1,3,42.32142,-124.40442,1,1,NA,NA,NA
10gHD4397_S219,10gHD4397_S219_L001,10gHD4397,10g,sample,0,0,NA,1,EU1,2020,2019,1,<3,1to2,SODtrt,SODtrt,1,1,42.331949,-124.402473,0,0,NA,NA,NA
114-2152-PSME_S214,114-2152-PSME_S214_L001,114-2152-PSME,ebba,sample,0,0,NA,0,uninfested,2021,9999,untreated,untreated,untreated,unburned,untreated,0,unburned,42.151841,-124.281402,0,0,NA,NA,NA
114-2164-PSME_S211,114-2164-PSME_S211_L001,114-2164-PSME,ebba,sample,0,0,NA,0,uninfested,2021,9999,untreated,untreated,untreated,unburned,untreated,0,unburned,42.151841,-124.281402,0,0,NA,NA,NA
114-2170-4-NODE3_S210,114-2170-4-NODE3_S210_L001,114-2170-4-NODE3,ebba,sample,0,0,NA,0,uninfested,2021,9999,untreated,untreated,untreated,unburned,untreated,0,unburned,42.151841,-124.281402,0,0,NA,NA,NA
114-2177-1-NODE3_S208,114-2177-1-NODE3_S208_L001,114-2177-1-NODE3,ebba,sample,0,0,NA,0,uninfested,2021,9999,untreated,untreated,untreated,unburned,untreated,0,unburned,42.151841,-124.281402,0,0,NA,NA,NA
114-2191-1-ARME_S213,114-2191-1-ARME_S213_L001,114-2191-1-ARME,ebba,sample,0,0,NA,0,uninfested,2021,9999,untreated,untreated,untreated,unburned,untreated,0,unburned,42.151841,-124.281402,0,0,NA,NA,NA
114-2203-1-NODE3_S207,114-2203-1-NODE3_S207_L001,114-2203-1-NODE3,ebba,sample,0,0,NA,0,uninfested,2021,9999,untreated,untreated,untreated,unburned,untreated,0,unburned,42.151841,-124.281402,0,0,NA,NA,NA
114-2211-2-NODE3_S206,114-2211-2-NODE3_S206_L001,114-2211-2-NODE3,ebba,sample,0,0,NA,0,uninfested,2021,9999,untreated,untreated,untreated,unburned,untreated,0,unburned,42.151841,-124.281402,0,0,NA,NA,NA
114-2228-2-ARME_S215,114-2228-2-ARME_S215_L001,114-2228-2-ARME,ebba,sample,0,0,NA,0,uninfested,2021,9999,untreated,untreated,untreated,unburned,untreated,0,unburned,42.151841,-124.281402,0,0,NA,NA,NA
114-2237-PSME_S212,114-2237-PSME_S212_L001,114-2237-PSME,ebba,sample,0,0,NA,0,uninfested,2021,9999,untreated,untreated,untreated,unburned,untreated,0,unburned,42.151841,-124.281402,0,0,NA,NA,NA
114-2277-NODE3_S209,114-2277-NODE3_S209_L001,114-2277-NODE3,ebba,sample,0,0,NA,0,uninfested,2021,9999,untreated,untreated,untreated,unburned,untreated,0,unburned,42.151841,-124.281402,0,0,NA,NA,NA
114-center-rebar_S205,114-center-rebar_S205_L001,114-center-rebar,ebba,sample,0,0,NA,0,uninfested,2021,9999,untreated,untreated,untreated,unburned,untreated,0,unburned,42.151841,-124.281402,0,0,NA,NA,NA
114-east-rebar_S202,114-east-rebar_S202_L001,114-east-rebar,ebba,sample,0,0,NA,0,uninfested,2021,9999,untreated,untreated,untreated,unburned,untreated,0,unburned,42.151841,-124.281402,0,0,NA,NA,NA
114-north-rebar_S201,114-north-rebar_S201_L001,114-north-rebar,ebba,sample,0,0,NA,0,uninfested,2021,9999,untreated,untreated,untreated,unburned,untreated,0,unburned,42.151841,-124.281402,0,0,NA,NA,NA
114-south-rebar_S203,114-south-rebar_S203_L001,114-south-rebar,ebba,sample,0,0,NA,0,uninfested,2021,9999,untreated,untreated,untreated,unburned,untreated,0,unburned,42.151841,-124.281402,0,0,NA,NA,NA
114-west-rebar_S204,114-west-rebar_S204_L001,114-west-rebar,ebba,sample,0,0,NA,0,uninfested,2021,9999,untreated,untreated,untreated,unburned,untreated,0,unburned,42.151841,-124.281402,0,0,NA,NA,NA
Dung1_1_S221,Dung1_1_S221_L001,1_1,dunglabsamples,sample,NA,NA,NA,NA,NA,NA,NA,NA,NA,NA,NA,NA,NA,NA,NA,NA,NA,NA,anaerobic,madras,untreated
Dung1_2_S222,Dung1_2_S222_L001,1_2,dunglabsamples,sample,NA,NA,NA,NA,NA,NA,NA,NA,NA,NA,NA,NA,NA,NA,NA,NA,NA,NA,anaerobic,madras,untreated
Dung1_3_S223,Dung1_3_S223_L001,1_3,dunglabsamples,sample,NA,NA,NA,NA,NA,NA,NA,NA,NA,NA,NA,NA,NA,NA,NA,NA,NA,NA,anaerobic,madras,untreated
Dung2_1_S224,Dung2_1_S224_L001,2_1,dunglabsamples,sample,NA,NA,NA,NA,NA,NA,NA,NA,NA,NA,NA,NA,NA,NA,NA,NA,NA,NA,anaerobic,madras,DADS_1gal_A
Dung2_2_S225,Dung2_2_S225_L001,2_2,dunglabsamples,sample,NA,NA,NA,NA,NA,NA,NA,NA,NA,NA,NA,NA,NA,NA,NA,NA,NA,NA,anaerobic,madras,DADS_1gal_A
Dung2_3_S226,Dung2_3_S226_L001,2_3,dunglabsamples,sample,NA,NA,NA,NA,NA,NA,NA,NA,NA,NA,NA,NA,NA,NA,NA,NA,NA,NA,anaerobic,madras,DADS_1gal_A
Dung3_1_S227,Dung3_1_S227_L001,3_1,dunglabsamples,sample,NA,NA,NA,NA,NA,NA,NA,NA,NA,NA,NA,NA,NA,NA,NA,NA,NA,NA,anaerobic,tulelake,untreated
Dung3_2_S228,Dung3_2_S228_L001,3_2,dunglabsamples,sample,NA,NA,NA,NA,NA,NA,NA,NA,NA,NA,NA,NA,NA,NA,NA,NA,NA,NA,anaerobic,tulelake,untreated
Dung3_3_S229,Dung3_3_S229_L001,3_3,dunglabsamples,sample,NA,NA,NA,NA,NA,NA,NA,NA,NA,NA,NA,NA,NA,NA,NA,NA,NA,NA,anaerobic,tulelake,untreated
Dung4_1_S230,Dung4_1_S230_L001,4_1,dunglabsamples,sample,NA,NA,NA,NA,NA,NA,NA,NA,NA,NA,NA,NA,NA,NA,NA,NA,NA,NA,anaerobic,tulelake,DADS_1gal_A
Dung4_2_S231,Dung4_2_S231_L001,4_2,dunglabsamples,sample,NA,NA,NA,NA,NA,NA,NA,NA,NA,NA,NA,NA,NA,NA,NA,NA,NA,NA,anaerobic,tulelake,DADS_1gal_A
Dung4_3_S232,Dung4_3_S232_L001,4_3,dunglabsamples,sample,NA,NA,NA,NA,NA,NA,NA,NA,NA,NA,NA,NA,NA,NA,NA,NA,NA,NA,anaerobic,tulelake,DADS_1gal_A
Dung5_1_S233,Dung5_1_S233_L001,5_1,dunglabsamples,sample,NA,NA,NA,NA,NA,NA,NA,NA,NA,NA,NA,NA,NA,NA,NA,NA,NA,NA,aerobic,madras,untreated
Dung5_2_S234,Dung5_2_S234_L001,5_2,dunglabsamples,sample,NA,NA,NA,NA,NA,NA,NA,NA,NA,NA,NA,NA,NA,NA,NA,NA,NA,NA,aerobic,madras,untreated
Dung5_3_S235,Dung5_3_S235_L001,5_3,dunglabsamples,sample,NA,NA,NA,NA,NA,NA,NA,NA,NA,NA,NA,NA,NA,NA,NA,NA,NA,NA,aerobic,madras,untreated
Dung6_1_S236,Dung6_1_S236_L001,6_1,dunglabsamples,sample,NA,NA,NA,NA,NA,NA,NA,NA,NA,NA,NA,NA,NA,NA,NA,NA,NA,NA,aerobic,madras,DADS_1gal_A
Dung6_2_S237,Dung6_2_S237_L001,6_2,dunglabsamples,sample,NA,NA,NA,NA,NA,NA,NA,NA,NA,NA,NA,NA,NA,NA,NA,NA,NA,NA,aerobic,madras,DADS_1gal_A
Dung6_3_S238,Dung6_3_S238_L001,6_3,dunglabsamples,sample,NA,NA,NA,NA,NA,NA,NA,NA,NA,NA,NA,NA,NA,NA,NA,NA,NA,NA,aerobic,madras,DADS_1gal_A
Dung7_1_S239,Dung7_1_S239_L001,7_1,dunglabsamples,sample,NA,NA,NA,NA,NA,NA,NA,NA,NA,NA,NA,NA,NA,NA,NA,NA,NA,NA,aerobic,tulelake,untreated
Dung7_2_S240,Dung7_2_S240_L001,7_2,dunglabsamples,sample,NA,NA,NA,NA,NA,NA,NA,NA,NA,NA,NA,NA,NA,NA,NA,NA,NA,NA,aerobic,tulelake,untreated
Dung7_3_S241,Dung7_3_S241_L001,7_3,dunglabsamples,sample,NA,NA,NA,NA,NA,NA,NA,NA,NA,NA,NA,NA,NA,NA,NA,NA,NA,NA,aerobic,tulelake,untreated
Dung8_1_S242,Dung8_1_S242_L001,8_1,dunglabsamples,sample,NA,NA,NA,NA,NA,NA,NA,NA,NA,NA,NA,NA,NA,NA,NA,NA,NA,NA,aerobic,tulelake,DADS_1gal_A
Dung8_2_S243,Dung8_2_S243_L001,8_2,dunglabsamples,sample,NA,NA,NA,NA,NA,NA,NA,NA,NA,NA,NA,NA,NA,NA,NA,NA,NA,NA,aerobic,tulelake,DADS_1gal_A
Dung8_3_S244,Dung8_3_S244_L001,8_3,dunglabsamples,sample,NA,NA,NA,NA,NA,NA,NA,NA,NA,NA,NA,NA,NA,NA,NA,NA,NA,NA,aerobic,tulelake,DADS_1gal_A
emptyextraction_S200,emptyextraction_S200_L001,emptyextraction,control,control,NA,NA,NA,NA,NA,NA,NA,NA,NA,NA,NA,NA,NA,NA,NA,NA,NA,NA,NA,NA,NA
HD3901-S1_4401_S1,HD3901-S1_4401_S1_L001,HD3901-S1_4401,basetree_100plots,sample,1,0,NA,0,EU1,2020,9999,untreated,untreated,untreated,unburned,untreated,0,unburned,42.332505,-124.399209,1,1,NA,NA,NA
HD3902-S1_4400_S99,HD3902-S1_4400_S99_L001,HD3902-S1_4400,basetree_100plots,sample,1,0,NA,0,EU1,2020,9999,untreated,untreated,untreated,unburned,untreated,0,unburned,42.41881,-124.349987,1,0,NA,NA,NA
HD4301-S1_S2,HD4301-S1_S2_L001,HD4301-S1,basetree_100plots,sample,1,0,NA,0,NA1,2018,9999,untreated,untreated,untreated,unburned,untreated,0,unburned,42.19457,-124.3507,1,1,NA,NA,NA
HD4303-S1_S3,HD4303-S1_S3_L001,HD4303-S1,basetree_100plots,sample,1,0,NA,1,NA1,2018,2017,1,<3,1to2,wildfire,wildfire,1,1,42.14574,-124.1485,0,0,NA,NA,NA
HD4304-S1_S4,HD4304-S1_S4_L001,HD4304-S1,basetree_100plots,sample,1,0,NA,1,NA1,2018,2017,1,<3,1to2,wildfire,wildfire,1,1,42.14574,-124.1485,1,1,NA,NA,NA
HD4305-S1_S245,HD4305-S1_S245_L001,HD4305-S1,basetree_100plots,sample,1,0,NA,1,NA1,2018,2017,1,<3,1to2,wildfire,wildfire,1,1,42.14503,-124.15112,0,0,NA,NA,NA
HD4306-S1_S5,HD4306-S1_S5_L001,HD4306-S1,basetree_100plots,sample,1,0,NA,1,NA1,2018,2017,1,<3,1to2,wildfire,wildfire,1,1,42.14556,-124.15621,1,1,NA,NA,NA
HD4307-S1_S6,HD4307-S1_S6_L001,HD4307-S1,basetree_100plots,sample,1,0,NA,1,NA1,2018,2017,1,<3,1to2,wildfire,wildfire,1,1,42.15566,-124.144,1,0,NA,NA,NA
HD4308-S1_S7,HD4308-S1_S7_L001,HD4308-S1,basetree_100plots,sample,1,0,NA,0,NA1,2019,9999,untreated,untreated,untreated,unburned,untreated,0,unburned,42.13775,-124.16682,1,0,NA,NA,NA
HD4309-S1_S8,HD4309-S1_S8_L001,HD4309-S1,basetree_100plots,sample,1,0,NA,0,NA1,2019,9999,untreated,untreated,untreated,unburned,untreated,0,unburned,42.13796,-124.16514,1,0,NA,NA,NA
HD4310-S1_S9,HD4310-S1_S9_L001,HD4310-S1,basetree_100plots,sample,1,0,NA,0,NA1,2019,9999,untreated,untreated,untreated,unburned,untreated,0,unburned,42.13193,-124.19671,1,0,NA,NA,NA
HD4311-S1_S10,HD4311-S1_S10_L001,HD4311-S1,basetree_100plots,sample,1,0,NA,0,NA1,2019,9999,untreated,untreated,untreated,unburned,untreated,0,unburned,42.12821,-124.19627,1,0,NA,NA,NA
HD4312-S1_S11,HD4312-S1_S11_L001,HD4312-S1,basetree_100plots,sample,1,0,NA,0,NA1,2019,9999,untreated,untreated,untreated,unburned,untreated,0,unburned,42.11756,-124.1955,1,0,NA,NA,NA
HD4313-S1_S12,HD4313-S1_S12_L001,HD4313-S1,basetree_100plots,sample,1,0,NA,0,NA1,2019,9999,untreated,untreated,untreated,unburned,untreated,0,unburned,42.26913,-124.28152,1,0,NA,NA,NA
HD4314-S1_S13,HD4314-S1_S13_L001,HD4314-S1,basetree_100plots,sample,1,0,NA,0,NA1,2019,9999,untreated,untreated,untreated,unburned,untreated,0,unburned,42.27436,-124.29751,0,0,NA,NA,NA
HD4315-S1_S14,HD4315-S1_S14_L001,HD4315-S1,basetree_100plots,sample,1,0,NA,0,NA1,2019,9999,untreated,untreated,untreated,unburned,untreated,0,unburned,42.28407,-124.32211,1,0,NA,NA,NA
HD4316-S1_S15,HD4316-S1_S15_L001,HD4316-S1,basetree_100plots,sample,1,0,NA,0,NA1,2019,9999,untreated,untreated,untreated,unburned,untreated,0,unburned,42.27922,-124.32102,0,0,NA,NA,NA
HD4317-S1_S16,HD4317-S1_S16_L001,HD4317-S1,basetree_100plots,sample,1,1,pre,0,EU1,2018,9999,untreated,untreated,untreated,unburned,untreated,0,unburned,42.29568,-124.38348,1,0,NA,NA,NA
HD4318-S1_S17,HD4318-S1_S17_L001,HD4318-S1,basetree_100plots,sample,1,1,pre,0,EU1,2018,9999,untreated,untreated,untreated,unburned,untreated,0,unburned,42.29694,-124.3813,1,0,NA,NA,NA
HD4319-S1_S18,HD4319-S1_S18_L001,HD4319-S1,basetree_100plots,sample,1,0,NA,0,NA1,2018,9999,untreated,untreated,untreated,unburned,untreated,0,unburned,42.18637,-124.34256,1,1,NA,NA,NA
HD4320-S1_S19,HD4320-S1_S19_L001,HD4320-S1,basetree_100plots,sample,1,0,NA,0,EU1,2018,9999,untreated,untreated,untreated,unburned,untreated,0,unburned,42.33258,-124.38381,1,0,NA,NA,NA
HD4321-S111_19_S20,HD4321-S111_19_S20_L001,HD4321-S1-11_19,basetree_100plots,sample,1,1,pre,0,EU1,2018,9999,untreated,untreated,untreated,unburned,untreated,0,unburned,42.32148,-124.40437,1,0,NA,NA,NA
HD4321-S10_S129,HD4321-S10_S129_L001,HD4321-S10,plots5_samples20,sample,0,0,NA,0,EU1,2018,9999,untreated,untreated,untreated,unburned,untreated,0,unburned,42.32148,-124.40437,1,0,NA,NA,NA
HD4321-S11_S130,HD4321-S11_S130_L001,HD4321-S11,plots5_samples20,sample,0,0,NA,0,EU1,2018,9999,untreated,untreated,untreated,unburned,untreated,0,unburned,42.32148,-124.40437,1,0,NA,NA,NA
HD4321-S112_9_S120,HD4321-S112_9_S120_L001,HD4321-S1-12_9,plots5_samples20,sample,0,0,NA,0,EU1,2018,9999,untreated,untreated,untreated,unburned,untreated,0,unburned,42.32148,-124.40437,1,0,NA,NA,NA
HD4321-S12_S131,HD4321-S12_S131_L001,HD4321-S12,plots5_samples20,sample,0,0,NA,0,EU1,2018,9999,untreated,untreated,untreated,unburned,untreated,0,unburned,42.32148,-124.40437,1,0,NA,NA,NA
HD4321-S13_S132,HD4321-S13_S132_L001,HD4321-S13,plots5_samples20,sample,0,0,NA,0,EU1,2018,9999,untreated,untreated,untreated,unburned,untreated,0,unburned,42.32148,-124.40437,1,0,NA,NA,NA
HD4321-S14_S133,HD4321-S14_S133_L001,HD4321-S14,plots5_samples20,sample,0,0,NA,0,EU1,2018,9999,untreated,untreated,untreated,unburned,untreated,0,unburned,42.32148,-124.40437,1,0,NA,NA,NA
HD4321-S15_S134,HD4321-S15_S134_L001,HD4321-S15,plots5_samples20,sample,0,0,NA,0,EU1,2018,9999,untreated,untreated,untreated,unburned,untreated,0,unburned,42.32148,-124.40437,1,0,NA,NA,NA
HD4321-S16_S135,HD4321-S16_S135_L001,HD4321-S16,plots5_samples20,sample,0,0,NA,0,EU1,2018,9999,untreated,untreated,untreated,unburned,untreated,0,unburned,42.32148,-124.40437,1,0,NA,NA,NA
HD4321-S17_S136,HD4321-S17_S136_L001,HD4321-S17,plots5_samples20,sample,0,0,NA,0,EU1,2018,9999,untreated,untreated,untreated,unburned,untreated,0,unburned,42.32148,-124.40437,1,0,NA,NA,NA
HD4321-S18_S137,HD4321-S18_S137_L001,HD4321-S18,plots5_samples20,sample,0,0,NA,0,EU1,2018,9999,untreated,untreated,untreated,unburned,untreated,0,unburned,42.32148,-124.40437,1,0,NA,NA,NA
HD4321-S19_S138,HD4321-S19_S138_L001,HD4321-S19,plots5_samples20,sample,0,0,NA,0,EU1,2018,9999,untreated,untreated,untreated,unburned,untreated,0,unburned,42.32148,-124.40437,1,0,NA,NA,NA
HD4321-S2_S121,HD4321-S2_S121_L001,HD4321-S2,plots5_samples20,sample,0,0,NA,0,EU1,2018,9999,untreated,untreated,untreated,unburned,untreated,0,unburned,42.32148,-124.40437,1,0,NA,NA,NA
HD4321-S20_S139,HD4321-S20_S139_L001,HD4321-S20,plots5_samples20,sample,0,0,NA,0,EU1,2018,9999,untreated,untreated,untreated,unburned,untreated,0,unburned,42.32148,-124.40437,1,0,NA,NA,NA
HD4321-S3_S122,HD4321-S3_S122_L001,HD4321-S3,plots5_samples20,sample,0,0,NA,0,EU1,2018,9999,untreated,untreated,untreated,unburned,untreated,0,unburned,42.32148,-124.40437,1,0,NA,NA,NA
HD4321-S4_S123,HD4321-S4_S123_L001,HD4321-S4,plots5_samples20,sample,0,0,NA,0,EU1,2018,9999,untreated,untreated,untreated,unburned,untreated,0,unburned,42.32148,-124.40437,1,0,NA,NA,NA
HD4321-S5_S124,HD4321-S5_S124_L001,HD4321-S5,plots5_samples20,sample,0,0,NA,0,EU1,2018,9999,untreated,untreated,untreated,unburned,untreated,0,unburned,42.32148,-124.40437,1,0,NA,NA,NA
HD4321-S6_S125,HD4321-S6_S125_L001,HD4321-S6,plots5_samples20,sample,0,0,NA,0,EU1,2018,9999,untreated,untreated,untreated,unburned,untreated,0,unburned,42.32148,-124.40437,1,0,NA,NA,NA
HD4321-S7_S126,HD4321-S7_S126_L001,HD4321-S7,plots5_samples20,sample,0,0,NA,0,EU1,2018,9999,untreated,untreated,untreated,unburned,untreated,0,unburned,42.32148,-124.40437,1,0,NA,NA,NA
HD4321-S8_S127,HD4321-S8_S127_L001,HD4321-S8,plots5_samples20,sample,0,0,NA,0,EU1,2018,9999,untreated,untreated,untreated,unburned,untreated,0,unburned,42.32148,-124.40437,1,0,NA,NA,NA
HD4321-S9_S128,HD4321-S9_S128_L001,HD4321-S9,plots5_samples20,sample,0,0,NA,0,EU1,2018,9999,untreated,untreated,untreated,unburned,untreated,0,unburned,42.32148,-124.40437,1,0,NA,NA,NA
HD4322-S1_S21,HD4322-S1_S21_L001,HD4322-S1,basetree_100plots,sample,1,1,pre,0,EU1,2018,9999,untreated,untreated,untreated,unburned,untreated,0,unburned,42.29334,-124.39408,1,1,NA,NA,NA
HD4323-S1_S22,HD4323-S1_S22_L001,HD4323-S1,basetree_100plots,sample,1,1,pre,0,EU1,2018,9999,untreated,untreated,untreated,unburned,untreated,0,unburned,42.30105,-124.38664,1,1,NA,NA,NA
HD4324-S1_S23,HD4324-S1_S23_L001,HD4324-S1,basetree_100plots,sample,1,0,NA,1,NA1,2018,2017,1,<3,1to2,wildfire,wildfire,1,1,42.13819,-124.16406,1,1,NA,NA,NA
HD4325-S1_S24,HD4325-S1_S24_L001,HD4325-S1,basetree_100plots,sample,1,0,NA,0,NA1,2018,9999,untreated,untreated,untreated,unburned,untreated,0,unburned,42.05423,-124.27666,1,0,NA,NA,NA
HD4326-S1_S25,HD4326-S1_S25_L001,HD4326-S1,basetree_100plots,sample,1,0,NA,0,NA1,2018,9999,untreated,untreated,untreated,unburned,untreated,0,unburned,42.17954,-124.34254,1,0,NA,NA,NA
HD4327-S1_S26,HD4327-S1_S26_L001,HD4327-S1,basetree_100plots,sample,1,0,NA,0,NA1,2018,9999,untreated,untreated,untreated,unburned,untreated,0,unburned,42.15498,-124.29518,0,0,NA,NA,NA
HD4328-S1_S27,HD4328-S1_S27_L001,HD4328-S1,basetree_100plots,sample,1,1,pre,0,EU1,2018,9999,untreated,untreated,untreated,unburned,untreated,0,unburned,42.33312,-124.40082,1,1,NA,NA,NA
HD4329-S1_S28,HD4329-S1_S28_L001,HD4329-S1,basetree_100plots,sample,1,0,NA,0,EU1,2019,9999,untreated,untreated,untreated,unburned,untreated,0,unburned,42.345979,-124.41295,0,0,NA,NA,NA
HD4330-S1_S29,HD4330-S1_S29_L001,HD4330-S1,basetree_100plots,sample,1,0,NA,1,EU1,2018,2017,1,<3,1to2,unburned,SODtrt,0,unburned,42.3264,-124.40685,1,1,NA,NA,NA
HD4331-S1_S30,HD4331-S1_S30_L001,HD4331-S1,basetree_100plots,sample,1,0,NA,1,NA1,2018,2016,2,<3,1to2,wildfire,wildfire,1,1,42.16726,-124.14046,0,0,NA,NA,NA
HD4332-S1_S31,HD4332-S1_S31_L001,HD4332-S1,basetree_100plots,sample,1,0,NA,1,NA1,2018,2016,2,<3,1to2,wildfire,wildfire,1,1,42.1672,-124.14009,0,0,NA,NA,NA
HD4333-S1_S32,HD4333-S1_S32_L001,HD4333-S1,basetree_100plots,sample,1,0,NA,1,NA1,2018,2016,2,<3,1to2,wildfire,wildfire,1,1,42.16854,-124.13562,0,0,NA,NA,NA
HD4334-S1_S33,HD4334-S1_S33_L001,HD4334-S1,basetree_100plots,sample,1,0,NA,1,NA1,2018,2015,3,>3,3to4,wildfire,wildfire,1,1,42.16843,-124.13837,0,0,NA,NA,NA
HD4335-S1_S34,HD4335-S1_S34_L001,HD4335-S1,basetree_100plots,sample,1,1,pre,0,EU1,2018,9999,untreated,untreated,untreated,unburned,untreated,0,unburned,42.333,-124.40105,1,0,NA,NA,NA
HD4336-S111_23_S35,HD4336-S111_23_S35_L001,HD4336-S1-11_23,basetree_100plots,sample,1,1,pre,0,EU1,2018,9999,untreated,untreated,untreated,unburned,untreated,0,unburned,42.33195,-124.40257,1,0,NA,NA,NA
HD4336-S11_S170,HD4336-S11_S170_L001,HD4336-S11,plots5_samples20,sample,0,0,NA,0,EU1,2018,9999,untreated,untreated,untreated,unburned,untreated,0,unburned,42.33195,-124.40257,1,0,NA,NA,NA
HD4336-S10_S169,HD4336-S10_S169_L001,HD4336-S10,plots5_samples20,sample,0,0,NA,0,EU1,2018,9999,untreated,untreated,untreated,unburned,untreated,0,unburned,42.33195,-124.40257,1,0,NA,NA,NA
HD4336-S112_15_S160,HD4336-S112_15_S160_L001,HD4336-S1-12_15,plots5_samples20,sample,0,0,NA,0,EU1,2018,9999,untreated,untreated,untreated,unburned,untreated,0,unburned,42.33195,-124.40257,1,0,NA,NA,NA
HD4336-S12_S171,HD4336-S12_S171_L001,HD4336-S12,plots5_samples20,sample,0,0,NA,0,EU1,2018,9999,untreated,untreated,untreated,unburned,untreated,0,unburned,42.33195,-124.40257,1,0,NA,NA,NA
HD4336-S13_S172,HD4336-S13_S172_L001,HD4336-S13,plots5_samples20,sample,0,0,NA,0,EU1,2018,9999,untreated,untreated,untreated,unburned,untreated,0,unburned,42.33195,-124.40257,1,0,NA,NA,NA
HD4336-S14_S173,HD4336-S14_S173_L001,HD4336-S14,plots5_samples20,sample,0,0,NA,0,EU1,2018,9999,untreated,untreated,untreated,unburned,untreated,0,unburned,42.33195,-124.40257,1,0,NA,NA,NA
HD4336-S15_S174,HD4336-S15_S174_L001,HD4336-S15,plots5_samples20,sample,0,0,NA,0,EU1,2018,9999,untreated,untreated,untreated,unburned,untreated,0,unburned,42.33195,-124.40257,1,0,NA,NA,NA
HD4336-S16_S175,HD4336-S16_S175_L001,HD4336-S16,plots5_samples20,sample,0,0,NA,0,EU1,2018,9999,untreated,untreated,untreated,unburned,untreated,0,unburned,42.33195,-124.40257,1,0,NA,NA,NA
HD4336-S17_S176,HD4336-S17_S176_L001,HD4336-S17,plots5_samples20,sample,0,0,NA,0,EU1,2018,9999,untreated,untreated,untreated,unburned,untreated,0,unburned,42.33195,-124.40257,1,0,NA,NA,NA
HD4336-S18_S177,HD4336-S18_S177_L001,HD4336-S18,plots5_samples20,sample,0,0,NA,0,EU1,2018,9999,untreated,untreated,untreated,unburned,untreated,0,unburned,42.33195,-124.40257,1,0,NA,NA,NA
HD4336-S19_S178,HD4336-S19_S178_L001,HD4336-S19,plots5_samples20,sample,0,0,NA,0,EU1,2018,9999,untreated,untreated,untreated,unburned,untreated,0,unburned,42.33195,-124.40257,1,0,NA,NA,NA
HD4336-S2_S161,HD4336-S2_S161_L001,HD4336-S2,plots5_samples20,sample,0,0,NA,0,EU1,2018,9999,untreated,untreated,untreated,unburned,untreated,0,unburned,42.33195,-124.40257,1,0,NA,NA,NA
HD4336-S20_S179,HD4336-S20_S179_L001,HD4336-S20,plots5_samples20,sample,0,0,NA,0,EU1,2018,9999,untreated,untreated,untreated,unburned,untreated,0,unburned,42.33195,-124.40257,1,0,NA,NA,NA
HD4336-S3_S162,HD4336-S3_S162_L001,HD4336-S3,plots5_samples20,sample,0,0,NA,0,EU1,2018,9999,untreated,untreated,untreated,unburned,untreated,0,unburned,42.33195,-124.40257,1,0,NA,NA,NA
HD4336-S4_S163,HD4336-S4_S163_L001,HD4336-S4,plots5_samples20,sample,0,0,NA,0,EU1,2018,9999,untreated,untreated,untreated,unburned,untreated,0,unburned,42.33195,-124.40257,1,0,NA,NA,NA
HD4336-S5_S164,HD4336-S5_S164_L001,HD4336-S5,plots5_samples20,sample,0,0,NA,0,EU1,2018,9999,untreated,untreated,untreated,unburned,untreated,0,unburned,42.33195,-124.40257,1,0,NA,NA,NA
HD4336-S6_S165,HD4336-S6_S165_L001,HD4336-S6,plots5_samples20,sample,0,0,NA,0,EU1,2018,9999,untreated,untreated,untreated,unburned,untreated,0,unburned,42.33195,-124.40257,1,0,NA,NA,NA
HD4336-S7_S166,HD4336-S7_S166_L001,HD4336-S7,plots5_samples20,sample,0,0,NA,0,EU1,2018,9999,untreated,untreated,untreated,unburned,untreated,0,unburned,42.33195,-124.40257,1,0,NA,NA,NA
HD4336-S8_S167,HD4336-S8_S167_L001,HD4336-S8,plots5_samples20,sample,0,0,NA,0,EU1,2018,9999,untreated,untreated,untreated,unburned,untreated,0,unburned,42.33195,-124.40257,1,0,NA,NA,NA
HD4336-S9_S168,HD4336-S9_S168_L001,HD4336-S9,plots5_samples20,sample,0,0,NA,0,EU1,2018,9999,untreated,untreated,untreated,unburned,untreated,0,unburned,42.33195,-124.40257,1,0,NA,NA,NA
HD4337-S1_S36,HD4337-S1_S36_L001,HD4337-S1,basetree_100plots,sample,1,0,NA,1,EU1,2018,2017,1,<3,1to2,SODtrt,SODtrt,1,1,42.33597,-124.36069,1,0,NA,NA,NA
HD4338-S1_S37,HD4338-S1_S37_L001,HD4338-S1,basetree_100plots,sample,1,0,NA,0,NA1,2018,9999,untreated,untreated,untreated,unburned,untreated,0,unburned,42.30704,-124.39725,1,0,NA,NA,NA
HD4339-S1_S38,HD4339-S1_S38_L001,HD4339-S1,basetree_100plots,sample,1,0,NA,1,EU1,2018,2016,2,<3,1to2,SODtrt,SODtrt,1,2,42.29124,-124.39883,0,0,NA,NA,NA
HD4340-S1_S39,HD4340-S1_S39_L001,HD4340-S1,basetree_100plots,sample,1,0,NA,1,NA1,2019,2007,12,>3,10to12,SODtrt,SODtrt,1,12,42.12464,-124.27197,1,1,NA,NA,NA
HD4341-S1_S40,HD4341-S1_S40_L001,HD4341-S1,basetree_100plots,sample,1,0,NA,1,NA1,2019,2007,12,>3,10to12,SODtrt,SODtrt,1,12,42.12455,-124.27132,1,0,NA,NA,NA
HD4342-S1_S41,HD4342-S1_S41_L001,HD4342-S1,basetree_100plots,sample,1,1,pre,0,EU1,2019,9999,untreated,untreated,untreated,unburned,untreated,0,unburned,42.29095,-124.38474,0,1,NA,NA,NA
HD4343-S1_S42,HD4343-S1_S42_L001,HD4343-S1,basetree_100plots,sample,1,0,NA,1,NA1,2019,2012,7,>3,5to8,SODtrt,SODtrt,1,7,42.04178,-124.10239,0,0,NA,NA,NA
HD4344-S1_S43,HD4344-S1_S43_L001,HD4344-S1,basetree_100plots,sample,1,0,NA,0,EU1,2019,9999,untreated,untreated,untreated,unburned,untreated,0,unburned,42.04176,-124.1024,1,0,NA,NA,NA
HD4345-S1_S44,HD4345-S1_S44_L001,HD4345-S1,basetree_100plots,sample,1,0,NA,0,NA1,2019,9999,untreated,untreated,untreated,unburned,untreated,0,unburned,42.04669,-124.09534,1,0,NA,NA,NA
HD4346-S1_S45,HD4346-S1_S45_L001,HD4346-S1,basetree_100plots,sample,1,0,NA,0,NA1,2019,9999,untreated,untreated,untreated,unburned,untreated,0,unburned,42.04251,-124.10088,0,0,NA,NA,NA
HD4347-S1_S46,HD4347-S1_S46_L001,HD4347-S1,basetree_100plots,sample,1,0,NA,0,NA1,2019,9999,untreated,untreated,untreated,unburned,untreated,0,unburned,42.2671,-124.308,0,0,NA,NA,NA
HD4348-S1_S47,HD4348-S1_S47_L001,HD4348-S1,basetree_100plots,sample,1,0,NA,0,NA1,2019,9999,untreated,untreated,untreated,unburned,untreated,0,unburned,42.26547,-124.3096,1,0,NA,NA,NA
HD4349-S1_S48,HD4349-S1_S48_L001,HD4349-S1,basetree_100plots,sample,1,0,NA,1,NA1,2019,2012,7,>3,5to8,SODtrt,SODtrt,1,7,42.17562,-124.34475,0,0,NA,NA,NA
HD4350-S1_S49,HD4350-S1_S49_L001,HD4350-S1,basetree_100plots,sample,1,0,NA,0,EU1,2019,9999,untreated,untreated,untreated,unburned,untreated,0,unburned,42.29327,-124.38197,0,0,NA,NA,NA
HD4351-S1_S50,HD4351-S1_S50_L001,HD4351-S1,basetree_100plots,sample,1,0,NA,0,NA1,2019,9999,untreated,untreated,untreated,unburned,untreated,0,unburned,42.28273,-124.30651,1,0,NA,NA,NA
HD4352-S1_S51,HD4352-S1_S51_L001,HD4352-S1,basetree_100plots,sample,1,0,NA,0,EU1,2019,9999,untreated,untreated,untreated,unburned,untreated,0,unburned,42.30655,-124.39801,1,1,NA,NA,NA
HD4353-S1_S52,HD4353-S1_S52_L001,HD4353-S1,basetree_100plots,sample,1,0,NA,0,NA1,2019,9999,untreated,untreated,untreated,unburned,untreated,0,unburned,42.05744,-124.19982,1,0,NA,NA,NA
HD4354-S1_S53,HD4354-S1_S53_L001,HD4354-S1,basetree_100plots,sample,1,1,pre,0,EU1,2019,9999,untreated,untreated,untreated,unburned,untreated,0,unburned,42.35349,-124.40664,1,1,NA,NA,NA
HD4355-S1_S54,HD4355-S1_S54_L001,HD4355-S1,basetree_100plots,sample,1,0,NA,1,NA1,2019,2007,12,>3,10to12,SODtrt,SODtrt,1,12,42.12313,-124.26237,1,0,NA,NA,NA
HD4356-S1_S55,HD4356-S1_S55_L001,HD4356-S1,basetree_100plots,sample,1,0,NA,1,NA1,2019,2007,12,>3,10to12,SODtrt,SODtrt,1,12,42.122,-124.25945,1,1,NA,NA,NA
HD4357-S1_S56,HD4357-S1_S56_L001,HD4357-S1,basetree_100plots,sample,1,0,NA,1,NA1,2019,2009,10,>3,10to12,SODtrt,SODtrt,1,10,42.15398,-124.26584,0,0,NA,NA,NA
HD4358-S1_S57,HD4358-S1_S57_L001,HD4358-S1,basetree_100plots,sample,1,0,NA,1,NA1,2019,2008,11,>3,10to12,SODtrt,SODtrt,1,11,42.13894,-124.25471,0,0,NA,NA,NA
HD4359-S1_S58,HD4359-S1_S58_L001,HD4359-S1,basetree_100plots,sample,1,0,NA,1,NA1,2019,2009,10,>3,10to12,SODtrt,SODtrt,1,10,42.13223,-124.26122,1,0,NA,NA,NA
HD4360-S1_S59,HD4360-S1_S59_L001,HD4360-S1,basetree_100plots,sample,1,0,NA,1,NA1,2019,2011,8,>3,5to8,SODtrt,SODtrt,1,8,42.13082,-124.26263,1,0,NA,NA,NA
HD4361-S1_S60,HD4361-S1_S60_L001,HD4361-S1,basetree_100plots,sample,1,0,NA,1,NA1,2019,2015,4,>3,3to4,wildfire,wildfire,1,2,42.16951,-124.13448,1,0,NA,NA,NA
HD4362-S1_S61,HD4362-S1_S61_L001,HD4362-S1,basetree_100plots,sample,1,0,NA,1,NA1,2019,2014,5,>3,5to8,wildfire,wildfire,1,2,42.16633,-124.14064,0,0,NA,NA,NA
HD4363-S1_S62,HD4363-S1_S62_L001,HD4363-S1,basetree_100plots,sample,1,0,NA,1,NA1,2019,2015,4,>3,3to4,wildfire,wildfire,1,2,42.14356,-124.15952,0,0,NA,NA,NA
HD4364-S1_S63,HD4364-S1_S63_L001,HD4364-S1,basetree_100plots,sample,1,0,NA,1,NA1,2019,2015,4,>3,3to4,wildfire,wildfire,1,2,42.14111,-124.16058,0,0,NA,NA,NA
HD4365-S1_S64,HD4365-S1_S64_L001,HD4365-S1,basetree_100plots,sample,1,0,NA,1,NA1,2019,2014,5,>3,5to8,SODtrt,SODtrt,1,5,42.10868,-124.28326,0,0,NA,NA,NA
HD4366-S1_S65,HD4366-S1_S65_L001,HD4366-S1,basetree_100plots,sample,1,0,NA,1,NA1,2019,2014,5,>3,5to8,SODtrt,SODtrt,1,5,42.10656,-124.28467,0,0,NA,NA,NA
HD4367-S1_S66,HD4367-S1_S66_L001,HD4367-S1,basetree_100plots,sample,1,0,NA,1,NA1,2019,2014,5,>3,5to8,SODtrt,SODtrt,1,5,42.10814,-124.28308,0,0,NA,NA,NA
HD4368-S1_S67,HD4368-S1_S67_L001,HD4368-S1,basetree_100plots,sample,1,0,NA,1,NA1,2019,2014,5,>3,5to8,SODtrt,SODtrt,1,5,42.10531,-124.28574,0,0,NA,NA,NA
HD4369-S1_S68,HD4369-S1_S68_L001,HD4369-S1,basetree_100plots,sample,1,0,NA,1,NA1,2019,2017,2,<3,1to2,SODtrt,SODtrt,1,2,42.10585,-124.28612,1,0,NA,NA,NA
HD4370-S1_S69,HD4370-S1_S69_L001,HD4370-S1,control_plot,sample,1,0,NA,0,uninfested,2019,9999,untreated,untreated,untreated,unburned,untreated,0,unburned,42.48899,-124.23937,0,0,NA,NA,NA
HD4371-S10_S109,HD4371-S10_S109_L001,HD4371-S10,plots5_samples20,sample,0,0,NA,0,uninfested,2019,9999,untreated,untreated,untreated,unburned,untreated,0,unburned,42.49711,-124.29369,0,0,NA,NA,NA
HD4371-S11_S110,HD4371-S11_S110_L001,HD4371-S11,plots5_samples20,sample,0,0,NA,0,uninfested,2019,9999,untreated,untreated,untreated,unburned,untreated,0,unburned,42.49711,-124.29369,0,0,NA,NA,NA
HD4371-S111_19_S70,HD4371-S111_19_S70_L001,HD4371-S112_6,control_plot,sample,1,0,NA,0,uninfested,2019,9999,untreated,untreated,untreated,unburned,untreated,0,unburned,42.49711,-124.29369,0,0,NA,NA,NA
HD4371-S112_7_S100,HD4371-S112_7_S100_L001,HD4371-S1-12_7,plots5_samples20,sample,0,0,NA,0,uninfested,2019,9999,untreated,untreated,untreated,unburned,untreated,0,unburned,42.49711,-124.29369,0,0,NA,NA,NA
HD4371-S12_S111,HD4371-S12_S111_L001,HD4371-S12,plots5_samples20,sample,0,0,NA,0,uninfested,2019,9999,untreated,untreated,untreated,unburned,untreated,0,unburned,42.49711,-124.29369,0,0,NA,NA,NA
HD4371-S13_S112,HD4371-S13_S112_L001,HD4371-S13,plots5_samples20,sample,0,0,NA,0,uninfested,2019,9999,untreated,untreated,untreated,unburned,untreated,0,unburned,42.49711,-124.29369,0,0,NA,NA,NA
HD4371-S14_S113,HD4371-S14_S113_L001,HD4371-S14,plots5_samples20,sample,0,0,NA,0,uninfested,2019,9999,untreated,untreated,untreated,unburned,untreated,0,unburned,42.49711,-124.29369,0,0,NA,NA,NA
HD4371-S15_S114,HD4371-S15_S114_L001,HD4371-S15,plots5_samples20,sample,0,0,NA,0,uninfested,2019,9999,untreated,untreated,untreated,unburned,untreated,0,unburned,42.49711,-124.29369,0,0,NA,NA,NA
HD4371-S16_S115,HD4371-S16_S115_L001,HD4371-S16,plots5_samples20,sample,0,0,NA,0,uninfested,2019,9999,untreated,untreated,untreated,unburned,untreated,0,unburned,42.49711,-124.29369,0,0,NA,NA,NA
HD4371-S17_S116,HD4371-S17_S116_L001,HD4371-S17,plots5_samples20,sample,0,0,NA,0,uninfested,2019,9999,untreated,untreated,untreated,unburned,untreated,0,unburned,42.49711,-124.29369,0,0,NA,NA,NA
HD4371-S18_S117,HD4371-S18_S117_L001,HD4371-S18,plots5_samples20,sample,0,0,NA,0,uninfested,2019,9999,untreated,untreated,untreated,unburned,untreated,0,unburned,42.49711,-124.29369,0,0,NA,NA,NA
HD4371-S19_S118,HD4371-S19_S118_L001,HD4371-S19,plots5_samples20,sample,0,0,NA,0,uninfested,2019,9999,untreated,untreated,untreated,unburned,untreated,0,unburned,42.49711,-124.29369,0,0,NA,NA,NA
HD4371-S2_S101,HD4371-S2_S101_L001,HD4371-S2,plots5_samples20,sample,0,0,NA,0,uninfested,2019,9999,untreated,untreated,untreated,unburned,untreated,0,unburned,42.49711,-124.29369,0,0,NA,NA,NA
HD4371-S20_S119,HD4371-S20_S119_L001,HD4371-S20,plots5_samples20,sample,0,0,NA,0,uninfested,2019,9999,untreated,untreated,untreated,unburned,untreated,0,unburned,42.49711,-124.29369,0,0,NA,NA,NA
HD4371-S3_S102,HD4371-S3_S102_L001,HD4371-S3,plots5_samples20,sample,0,0,NA,0,uninfested,2019,9999,untreated,untreated,untreated,unburned,untreated,0,unburned,42.49711,-124.29369,0,0,NA,NA,NA
HD4371-S4_S103,HD4371-S4_S103_L001,HD4371-S4,plots5_samples20,sample,0,0,NA,0,uninfested,2019,9999,untreated,untreated,untreated,unburned,untreated,0,unburned,42.49711,-124.29369,0,0,NA,NA,NA
HD4371-S5_S104,HD4371-S5_S104_L001,HD4371-S5,plots5_samples20,sample,0,0,NA,0,uninfested,2019,9999,untreated,untreated,untreated,unburned,untreated,0,unburned,42.49711,-124.29369,0,0,NA,NA,NA
HD4371-S6_S105,HD4371-S6_S105_L001,HD4371-S6,plots5_samples20,sample,0,0,NA,0,uninfested,2019,9999,untreated,untreated,untreated,unburned,untreated,0,unburned,42.49711,-124.29369,0,0,NA,NA,NA
HD4371-S7_S106,HD4371-S7_S106_L001,HD4371-S7,plots5_samples20,sample,0,0,NA,0,uninfested,2019,9999,untreated,untreated,untreated,unburned,untreated,0,unburned,42.49711,-124.29369,0,0,NA,NA,NA
HD4371-S8_S107,HD4371-S8_S107_L001,HD4371-S8,plots5_samples20,sample,0,0,NA,0,uninfested,2019,9999,untreated,untreated,untreated,unburned,untreated,0,unburned,42.49711,-124.29369,0,0,NA,NA,NA
HD4371-S9_S108,HD4371-S9_S108_L001,HD4371-S9,plots5_samples20,sample,0,0,NA,0,uninfested,2019,9999,untreated,untreated,untreated,unburned,untreated,0,unburned,42.49711,-124.29369,0,0,NA,NA,NA
HD4372-S1_S71,HD4372-S1_S71_L001,HD4372-S1,basetree_100plots,sample,1,0,NA,0,NA1,2019,9999,untreated,untreated,untreated,unburned,untreated,0,unburned,42.29204,-124.32932,1,1,NA,NA,NA
HD4373-S1_S72,HD4373-S1_S72_L001,HD4373-S1,basetree_100plots,sample,1,0,NA,0,NA1,2019,9999,untreated,untreated,untreated,unburned,untreated,0,unburned,42.29474,-124.32393,1,0,NA,NA,NA
HD4374-S1_S73,HD4374-S1_S73_L001,HD4374-S1,basetree_100plots,sample,1,0,NA,0,EU1,2019,9999,untreated,untreated,untreated,unburned,untreated,0,unburned,42.32526,-124.38251,1,0,NA,NA,NA
HD4375-S1_S74,HD4375-S1_S74_L001,HD4375-S1,basetree_100plots,sample,1,0,NA,0,EU1,2019,9999,untreated,untreated,untreated,unburned,untreated,0,unburned,42.32048,-124.37257,0,0,NA,NA,NA
HD4376-S1_S75,HD4376-S1_S75_L001,HD4376-S1,basetree_100plots,sample,1,1,post,1,EU1,2020,2018,2,<3,1to2,SODtrt,SODtrt,1,2,42.29333,-124.39407,0,0,NA,NA,NA
HD4377-S1_S76,HD4377-S1_S76_L001,HD4377-S1,basetree_100plots,sample,1,0,NA,1,EU1,2020,2018,2,<3,1to2,SODtrt,SODtrt,1,2,42.29337,-124.39236,0,0,NA,NA,NA
HD4378-S1_S77,HD4378-S1_S77_L001,HD4378-S1,basetree_100plots,sample,1,1,post,1,EU1,2020,2018,2,<3,1to2,SODtrt,SODtrt,1,2,42.30084,-124.38645,0,0,NA,NA,NA
HD4379-S10_S149,HD4379-S10_S149_L001,HD4379-S10,plots5_samples20,sample,0,0,NA,1,EU1,2020,2017,3,>3,3to4,SODtrt,SODtrt,1,3,42.32142,-124.40442,1,1,NA,NA,NA
HD4379-S11_S150,HD4379-S11_S150_L001,HD4379-S11,plots5_samples20,sample,0,0,NA,1,EU1,2020,2017,3,>3,3to4,SODtrt,SODtrt,1,3,42.32142,-124.40442,1,1,NA,NA,NA
HD4379-S112_2_S78,HD4379-S112_2_S78_L001,HD4379-S1-12_2,basetree_100plots,sample,1,1,post,1,EU1,2020,2017,3,>3,3to4,SODtrt,SODtrt,1,3,42.32142,-124.40442,1,1,NA,NA,NA
HD4379-S112_13_S140,HD4379-S112_13_S140_L001,HD4379-S1-12_13,plots5_samples20,sample,0,0,NA,1,EU1,2020,2017,3,>3,3to4,SODtrt,SODtrt,1,3,42.32142,-124.40442,1,1,NA,NA,NA
HD4379-S12_S151,HD4379-S12_S151_L001,HD4379-S12,plots5_samples20,sample,0,0,NA,1,EU1,2020,2017,3,>3,3to4,SODtrt,SODtrt,1,3,42.32142,-124.40442,1,1,NA,NA,NA
HD4379-S13_S152,HD4379-S13_S152_L001,HD4379-S13,plots5_samples20,sample,0,0,NA,1,EU1,2020,2017,3,>3,3to4,SODtrt,SODtrt,1,3,42.32142,-124.40442,1,1,NA,NA,NA
HD4379-S14_S153,HD4379-S14_S153_L001,HD4379-S14,plots5_samples20,sample,0,0,NA,1,EU1,2020,2017,3,>3,3to4,SODtrt,SODtrt,1,3,42.32142,-124.40442,1,1,NA,NA,NA
HD4379-S15_S154,HD4379-S15_S154_L001,HD4379-S15,plots5_samples20,sample,0,0,NA,1,EU1,2020,2017,3,>3,3to4,SODtrt,SODtrt,1,3,42.32142,-124.40442,1,1,NA,NA,NA
HD4379-S16_S155,HD4379-S16_S155_L001,HD4379-S16,plots5_samples20,sample,0,0,NA,1,EU1,2020,2017,3,>3,3to4,SODtrt,SODtrt,1,3,42.32142,-124.40442,1,1,NA,NA,NA
HD4379-S17_S156,HD4379-S17_S156_L001,HD4379-S17,plots5_samples20,sample,0,0,NA,1,EU1,2020,2017,3,>3,3to4,SODtrt,SODtrt,1,3,42.32142,-124.40442,1,1,NA,NA,NA
HD4379-S18_S157,HD4379-S18_S157_L001,HD4379-S18,plots5_samples20,sample,0,0,NA,1,EU1,2020,2017,3,>3,3to4,SODtrt,SODtrt,1,3,42.32142,-124.40442,1,1,NA,NA,NA
HD4379-S19_S158,HD4379-S19_S158_L001,HD4379-S19,plots5_samples20,sample,0,0,NA,1,EU1,2020,2017,3,>3,3to4,SODtrt,SODtrt,1,3,42.32142,-124.40442,1,1,NA,NA,NA
HD4379-S2_S141,HD4379-S2_S141_L001,HD4379-S2,plots5_samples20,sample,0,0,NA,1,EU1,2020,2017,3,>3,3to4,SODtrt,SODtrt,1,3,42.32142,-124.40442,1,1,NA,NA,NA
HD4379-S20_S159,HD4379-S20_S159_L001,HD4379-S20,plots5_samples20,sample,0,0,NA,1,EU1,2020,2017,3,>3,3to4,SODtrt,SODtrt,1,3,42.32142,-124.40442,1,1,NA,NA,NA
HD4379-S3_S142,HD4379-S3_S142_L001,HD4379-S3,plots5_samples20,sample,0,0,NA,1,EU1,2020,2017,3,>3,3to4,SODtrt,SODtrt,1,3,42.32142,-124.40442,1,1,NA,NA,NA
HD4379-S4_S143,HD4379-S4_S143_L001,HD4379-S4,plots5_samples20,sample,0,0,NA,1,EU1,2020,2017,3,>3,3to4,SODtrt,SODtrt,1,3,42.32142,-124.40442,1,1,NA,NA,NA
HD4379-S5_S144,HD4379-S5_S144_L001,HD4379-S5,plots5_samples20,sample,0,0,NA,1,EU1,2020,2017,3,>3,3to4,SODtrt,SODtrt,1,3,42.32142,-124.40442,1,1,NA,NA,NA
HD4379-S6_S145,HD4379-S6_S145_L001,HD4379-S6,plots5_samples20,sample,0,0,NA,1,EU1,2020,2017,3,>3,3to4,SODtrt,SODtrt,1,3,42.32142,-124.40442,1,1,NA,NA,NA
HD4379-S7_S146,HD4379-S7_S146_L001,HD4379-S7,plots5_samples20,sample,0,0,NA,1,EU1,2020,2017,3,>3,3to4,SODtrt,SODtrt,1,3,42.32142,-124.40442,1,1,NA,NA,NA
HD4379-S8_S147,HD4379-S8_S147_L001,HD4379-S8,plots5_samples20,sample,0,0,NA,1,EU1,2020,2017,3,>3,3to4,SODtrt,SODtrt,1,3,42.32142,-124.40442,1,1,NA,NA,NA
HD4379-S9_S148,HD4379-S9_S148_L001,HD4379-S9,plots5_samples20,sample,0,0,NA,1,EU1,2020,2017,3,>3,3to4,SODtrt,SODtrt,1,3,42.32142,-124.40442,1,1,NA,NA,NA
HD4380-S1_S79,HD4380-S1_S79_L001,HD4380-S1,basetree_100plots,sample,1,0,NA,1,EU1,2020,2019,1,<3,1to2,SODtrt,SODtrt,1,1,42.33895,-124.4087,1,1,NA,NA,NA
HD4381-S1_S80,HD4381-S1_S80_L001,HD4381-S1,basetree_100plots,sample,1,0,NA,1,EU1,2020,2018,2,<3,1to2,SODtrt,SODtrt,1,2,42.33172,-124.3946,0,0,NA,NA,NA
HD4382-S1_S81,HD4382-S1_S81_L001,HD4382-S1,basetree_100plots,sample,1,1,post,1,EU1,2020,2019,1,<3,1to2,SODtrt,SODtrt,1,1,42.3536,-124.40678,0,1,NA,NA,NA
HD4383-S1_S82,HD4383-S1_S82_L001,HD4383-S1,basetree_100plots,sample,1,1,post,1,EU1,2020,2018,2,<3,1to2,SODtrt,SODtrt,1,2,42.297,-124.38137,0,0,NA,NA,NA
HD4384-S1_S83,HD4384-S1_S83_L001,HD4384-S1,basetree_100plots,sample,1,1,post,1,EU1,2020,2018,2,<3,1to2,SODtrt,SODtrt,1,2,42.29542,-124.38308,0,0,NA,NA,NA
HD4385-S1_S84,HD4385-S1_S84_L001,HD4385-S1,basetree_100plots,sample,1,0,NA,1,EU1,2020,2017,3,>3,3to4,SODtrt,SODtrt,1,3,42.3103,-124.39847,0,0,NA,NA,NA
HD4386-S1_S85,HD4386-S1_S85_L001,HD4386-S1,basetree_100plots,sample,1,0,NA,1,EU1,2020,2018,2,<3,1to2,SODtrt,SODtrt,1,2,42.33622,-124.35783,1,0,NA,NA,NA
HD4387-S1_S86,HD4387-S1_S86_L001,HD4387-S1,basetree_100plots,sample,1,0,NA,1,EU1,2020,2018,2,<3,1to2,SODtrt,SODtrt,1,2,42.33622,-124.35761,1,1,NA,NA,NA
HD4388-S1_S87,HD4388-S1_S87_L001,HD4388-S1,basetree_100plots,sample,1,1,post,1,EU1,2020,2019,1,<3,1to2,SODtrt,SODtrt,1,1,42.29096,-124.38458,0,0,NA,NA,NA
HD4389-S1_S88,HD4389-S1_S88_L001,HD4389-S1,basetree_100plots,sample,1,0,NA,1,EU1,2020,2018,2,<3,1to2,SODtrt,SODtrt,1,2,42.34534,-124.41411,0,0,NA,NA,NA
HD4390-S1_S89,HD4390-S1_S89_L001,HD4390-S1,basetree_100plots,sample,1,0,NA,1,EU1,2020,2018,2,<3,1to2,SODtrt,SODtrt,1,2,42.33229,-124.38386,1,0,NA,NA,NA
HD4391-S1_S90,HD4391-S1_S90_L001,HD4391-S1,basetree_100plots,sample,1,0,NA,1,EU1,2020,2017,3,>3,3to4,SODtrt,SODtrt,1,3,42.32713,-124.40679,0,0,NA,NA,NA
HD4392-S1_S91,HD4392-S1_S91_L001,HD4392-S1,basetree_100plots,sample,1,0,NA,1,EU1,2020,2017,3,>3,3to4,SODtrt,SODtrt,1,3,42.30636,-124.40015,0,0,NA,NA,NA
HD4393-S1_S92,HD4393-S1_S92_L001,HD4393-S1,basetree_100plots,sample,1,0,NA,0,EU1,2020,9999,untreated,untreated,untreated,unburned,untreated,0,unburned,42.31258,-124.40617,1,0,NA,NA,NA
HD4394-S1_S93,HD4394-S1_S93_L001,HD4394-S1,basetree_100plots,sample,1,0,NA,0,EU1,2020,9999,untreated,untreated,untreated,unburned,untreated,0,unburned,42.30941,-124.40005,1,1,NA,NA,NA
HD4395-S1_S94,HD4395-S1_S94_L001,HD4395-S1,basetree_100plots,sample,1,0,NA,0,EU1,2020,9999,untreated,untreated,untreated,unburned,untreated,0,unburned,42.30888,-124.39334,1,0,NA,NA,NA
HD4396-S1_S95,HD4396-S1_S95_L001,HD4396-S1,basetree_100plots,sample,1,0,NA,1,EU1,2020,2018,2,<3,1to2,SODtrt,SODtrt,1,2,42.33277,-124.38366,1,0,NA,NA,NA
HD4397-S10_S189,HD4397-S10_S189_L001,HD4397-S10,plots5_samples20,sample,0,0,NA,1,EU1,2020,2019,1,<3,1to2,SODtrt,SODtrt,1,1,42.331949,-124.402473,0,0,NA,NA,NA
HD4397-S112_6_S96,HD4397-S112_6_S96_L001,HD4397-S1-12_6,basetree_100plots,sample,1,1,post,1,EU1,2020,2019,1,<3,1to2,SODtrt,SODtrt,1,1,42.331949,-124.402473,0,0,NA,NA,NA
HD4397-S112_16_S180,HD4397-S112_16_S180_L001,HD4397-S1-12_16,plots5_samples20,sample,0,0,NA,1,EU1,2020,2019,1,<3,1to2,SODtrt,SODtrt,1,1,42.331949,-124.402473,0,0,NA,NA,NA
HD4397-S11_S190,HD4397-S11_S190_L001,HD4397-S11,plots5_samples20,sample,0,0,NA,1,EU1,2020,2019,1,<3,1to2,SODtrt,SODtrt,1,1,42.331949,-124.402473,0,0,NA,NA,NA
HD4397-S12_S191,HD4397-S12_S191_L001,HD4397-S12,plots5_samples20,sample,0,0,NA,1,EU1,2020,2019,1,<3,1to2,SODtrt,SODtrt,1,1,42.331949,-124.402473,0,0,NA,NA,NA
HD4397-S13_S192,HD4397-S13_S192_L001,HD4397-S13,plots5_samples20,sample,0,0,NA,1,EU1,2020,2019,1,<3,1to2,SODtrt,SODtrt,1,1,42.331949,-124.402473,0,0,NA,NA,NA
HD4397-S14_S193,HD4397-S14_S193_L001,HD4397-S14,plots5_samples20,sample,0,0,NA,1,EU1,2020,2019,1,<3,1to2,SODtrt,SODtrt,1,1,42.331949,-124.402473,0,0,NA,NA,NA
HD4397-S15_S194,HD4397-S15_S194_L001,HD4397-S15,plots5_samples20,sample,0,0,NA,1,EU1,2020,2019,1,<3,1to2,SODtrt,SODtrt,1,1,42.331949,-124.402473,0,0,NA,NA,NA
HD4397-S16_S195,HD4397-S16_S195_L001,HD4397-S16,plots5_samples20,sample,0,0,NA,1,EU1,2020,2019,1,<3,1to2,SODtrt,SODtrt,1,1,42.331949,-124.402473,0,0,NA,NA,NA
HD4397-S17_S196,HD4397-S17_S196_L001,HD4397-S17,plots5_samples20,sample,0,0,NA,1,EU1,2020,2019,1,<3,1to2,SODtrt,SODtrt,1,1,42.331949,-124.402473,0,0,NA,NA,NA
HD4397-S18_S197,HD4397-S18_S197_L001,HD4397-S18,plots5_samples20,sample,0,0,NA,1,EU1,2020,2019,1,<3,1to2,SODtrt,SODtrt,1,1,42.331949,-124.402473,0,0,NA,NA,NA
HD4397-S19_S198,HD4397-S19_S198_L001,HD4397-S19,plots5_samples20,sample,0,0,NA,1,EU1,2020,2019,1,<3,1to2,SODtrt,SODtrt,1,1,42.331949,-124.402473,0,0,NA,NA,NA
HD4397-S2_S181,HD4397-S2_S181_L001,HD4397-S2,plots5_samples20,sample,0,0,NA,1,EU1,2020,2019,1,<3,1to2,SODtrt,SODtrt,1,1,42.331949,-124.402473,0,0,NA,NA,NA
HD4397-S20_S199,HD4397-S20_S199_L001,HD4397-S20,plots5_samples20,sample,0,0,NA,1,EU1,2020,2019,1,<3,1to2,SODtrt,SODtrt,1,1,42.331949,-124.402473,0,0,NA,NA,NA
HD4397-S3_S182,HD4397-S3_S182_L001,HD4397-S3,plots5_samples20,sample,0,0,NA,1,EU1,2020,2019,1,<3,1to2,SODtrt,SODtrt,1,1,42.331949,-124.402473,0,0,NA,NA,NA
HD4397-S4_S183,HD4397-S4_S183_L001,HD4397-S4,plots5_samples20,sample,0,0,NA,1,EU1,2020,2019,1,<3,1to2,SODtrt,SODtrt,1,1,42.331949,-124.402473,0,0,NA,NA,NA
HD4397-S5_S184,HD4397-S5_S184_L001,HD4397-S5,plots5_samples20,sample,0,0,NA,1,EU1,2020,2019,1,<3,1to2,SODtrt,SODtrt,1,1,42.331949,-124.402473,0,0,NA,NA,NA
HD4397-S6_S185,HD4397-S6_S185_L001,HD4397-S6,plots5_samples20,sample,0,0,NA,1,EU1,2020,2019,1,<3,1to2,SODtrt,SODtrt,1,1,42.331949,-124.402473,0,0,NA,NA,NA
HD4397-S7_S186,HD4397-S7_S186_L001,HD4397-S7,plots5_samples20,sample,0,0,NA,1,EU1,2020,2019,1,<3,1to2,SODtrt,SODtrt,1,1,42.331949,-124.402473,0,0,NA,NA,NA
HD4397-S8_S187,HD4397-S8_S187_L001,HD4397-S812_23,plots5_samples20,sample,0,0,NA,1,EU1,2020,2019,1,<3,1to2,SODtrt,SODtrt,1,1,42.331949,-124.402473,0,0,NA,NA,NA
HD4397-S9_S188,HD4397-S9_S188_L001,HD4397-S9,plots5_samples20,sample,0,0,NA,1,EU1,2020,2019,1,<3,1to2,SODtrt,SODtrt,1,1,42.331949,-124.402473,0,0,NA,NA,NA
HD4398-S1_S97,HD4398-S1_S97_L001,HD4398-S1,basetree_100plots,sample,1,1,post,1,EU1,2020,2019,1,<3,1to2,SODtrt,SODtrt,1,1,42.333081,-124.400605,0,0,NA,NA,NA
HD4399-S1_S98,HD4399-S1_S98_L001,HD4399-S1,basetree_100plots,sample,1,1,post,1,EU1,2020,2019,1,<3,1to2,SODtrt,SODtrt,1,1,42.334215,-124.40015,0,0,NA,NA,NA
NTC_S216,NTC_S216_L001,NTCPCRcontrol,control,control,NA,NA,NA,NA,NA,NA,NA,NA,NA,NA,NA,NA,NA,NA,NA,NA,NA,NA,NA,NA,NA
